id,Name,Code
10k,10k,e951
10mp,10mp,e952
11mp,11mp,e953
12mp,12mp,e954
13mp,13mp,e955
14mp,14mp,e956
15mp,15mp,e957
16mp,16mp,e958
17mp,17mp,e959
18mp,18mp,e95a
19mp,19mp,e95b
1k,1k,e95c
1k_plus,1k Plus,e95d
20mp,20mp,e95e
21mp,21mp,e95f
22mp,22mp,e960
23mp,23mp,e961
24mp,24mp,e962
2k,2k,e963
2k_plus,2k Plus,e964
2mp,2mp,e965
360,360,e577
3d_rotation,3d Rotation,e84d
3k,3k,e966
3k_plus,3k Plus,e967
3mp,3mp,e968
4k,4k,e072
4k_plus,4k Plus,e969
4mp,4mp,e96a
5g,5g,ef38
5k,5k,e96b
5k_plus,5k Plus,e96c
5mp,5mp,e96d
6_ft_apart,6 Ft Apart,f21e
6k,6k,e96e
6k_plus,6k Plus,e96f
6mp,6mp,e970
7k,7k,e971
7k_plus,7k Plus,e972
7mp,7mp,e973
8k,8k,e974
8k_plus,8k Plus,e975
8mp,8mp,e976
9k,9k,e977
9k_plus,9k Plus,e978
9mp,9mp,e979
ac_unit,Ac Unit,eb3b
access_alarm,Access Alarm,e190
access_alarms,Access Alarms,e191
access_time,Access Time,e192
accessibility,Accessibility,e84e
accessibility_new,Accessibility New,e92c
accessible,Accessible,e914
accessible_forward,Accessible Forward,e934
account_balance,Account Balance,e84f
account_balance_wallet,Account Balance Wallet,e850
account_box,Account Box,e851
account_circle,Account Circle,e853
account_tree,Account Tree,e97a
ad_units,Ad Units,ef39
adb,Adb,e60e
add,Add,e145
add_a_photo,Add a Photo,e439
add_alarm,Add Alarm,e193
add_alert,Add Alert,e003
add_box,Add Box,e146
add_business,Add Business,e729
add_call,Add Call,e0e8
add_chart,Add Chart,e97b
add_circle,Add Circle,e147
add_circle_outline,Add Circle Outline,e148
add_comment,Add Comment,e266
add_ic_call,Add Ic Call,e97c
add_link,Add Link,e178
add_location,Add Location,e567
add_location_alt,Add Location Alt,ef3a
add_moderator,Add Moderator,e97d
add_photo_alternate,Add Photo Alternate,e43e
add_road,Add Road,ef3b
add_shopping_cart,Add Shopping Cart,e854
add_task,Add Task,f23a
add_to_drive,Add to Drive,e65c
add_to_home_screen,Add to Home Screen,e1fe
add_to_photos,Add to Photos,e39d
add_to_queue,Add to Queue,e05c
addchart,Addchart,ef3c
adjust,Adjust,e39e
admin_panel_settings,Admin Panel Settings,ef3d
agriculture,Agriculture,ea79
airline_seat_flat,Airline Seat Flat,e630
airline_seat_flat_angled,Airline Seat Flat Angled,e631
airline_seat_individual_suite,Airline Seat Individual Suite,e632
airline_seat_legroom_extra,Airline Seat Legroom Extra,e633
airline_seat_legroom_normal,Airline Seat Legroom Normal,e634
airline_seat_legroom_reduced,Airline Seat Legroom Reduced,e635
airline_seat_recline_extra,Airline Seat Recline Extra,e636
airline_seat_recline_normal,Airline Seat Recline Normal,e637
airplanemode_active,Airplanemode Active,e195
airplanemode_inactive,Airplanemode Inactive,e194
airplanemode_off,Airplanemode Off,e194
airplanemode_on,Airplanemode on,e195
airplay,Airplay,e055
airport_shuttle,Airport Shuttle,eb3c
alarm,Alarm,e855
alarm_add,Alarm Add,e856
alarm_off,Alarm Off,e857
alarm_on,Alarm on,e858
album,Album,e019
align_horizontal_center,Align Horizontal Center,e00f
align_horizontal_left,Align Horizontal Left,e00d
align_horizontal_right,Align Horizontal Right,e010
align_vertical_bottom,Align Vertical Bottom,e015
align_vertical_center,Align Vertical Center,e011
align_vertical_top,Align Vertical Top,e00c
all_inbox,All Inbox,e97f
all_inclusive,All Inclusive,eb3d
all_out,All Out,e90b
alt_route,Alt Route,f184
alternate_email,Alternate Email,e0e6
amp_stories,Amp Stories,ea13
analytics,Analytics,ef3e
anchor,Anchor,f1cd
android,Android,e859
animation,Animation,e71c
announcement,Announcement,e85a
apartment,Apartment,ea40
api,Api,f1b7
app_blocking,App Blocking,ef3f
app_registration,App Registration,ef40
app_settings_alt,App Settings Alt,ef41
approval,Approval,e982
apps,Apps,e5c3
architecture,Architecture,ea3b
archive,Archive,e149
arrow_back,Arrow Back,e5c4
arrow_back_ios,Arrow Back Ios,e5e0
arrow_circle_down,Arrow Circle Down,f181
arrow_circle_up,Arrow Circle Up,f182
arrow_downward,Arrow Downward,e5db
arrow_drop_down,Arrow Drop Down,e5c5
arrow_drop_down_circle,Arrow Drop Down Circle,e5c6
arrow_drop_up,Arrow Drop Up,e5c7
arrow_forward,Arrow Forward,e5c8
arrow_forward_ios,Arrow Forward Ios,e5e1
arrow_left,Arrow Left,e5de
arrow_right,Arrow Right,e5df
arrow_right_alt,Arrow Right Alt,e941
arrow_upward,Arrow Upward,e5d8
art_track,Art Track,e060
article,Article,ef42
aspect_ratio,Aspect Ratio,e85b
assessment,Assessment,e85c
assignment,Assignment,e85d
assignment_ind,Assignment Ind,e85e
assignment_late,Assignment Late,e85f
assignment_return,Assignment Return,e860
assignment_returned,Assignment Returned,e861
assignment_turned_in,Assignment Turned in,e862
assistant,Assistant,e39f
assistant_direction,Assistant Direction,e988
assistant_navigation,Assistant Navigation,e989
assistant_photo,Assistant Photo,e3a0
atm,Atm,e573
attach_email,Attach Email,ea5e
attach_file,Attach File,e226
attach_money,Attach Money,e227
attachment,Attachment,e2bc
attractions,Attractions,ea52
audiotrack,Audiotrack,e3a1
auto_awesome,Auto Awesome,e65f
auto_awesome_mosaic,Auto Awesome Mosaic,e660
auto_awesome_motion,Auto Awesome Motion,e661
auto_delete,Auto Delete,ea4c
auto_fix_high,Auto Fix High,e663
auto_fix_normal,Auto Fix Normal,e664
auto_fix_off,Auto Fix Off,e665
auto_stories,Auto Stories,e666
autorenew,Autorenew,e863
av_timer,Av Timer,e01b
baby_changing_station,Baby Changing Station,f19b
backpack,Backpack,f19c
backspace,Backspace,e14a
backup,Backup,e864
backup_table,Backup Table,ef43
badge,Badge,ea67
bakery_dining,Bakery Dining,ea53
ballot,Ballot,e172
bar_chart,Bar Chart,e26b
batch_prediction,Batch Prediction,f0f5
bathtub,Bathtub,ea41
battery_alert,Battery Alert,e19c
battery_charging_full,Battery Charging Full,e1a3
battery_full,Battery Full,e1a4
battery_std,Battery Std,e1a5
battery_unknown,Battery Unknown,e1a6
beach_access,Beach Access,eb3e
bedtime,Bedtime,ef44
beenhere,Beenhere,e52d
bento,Bento,f1f4
bike_scooter,Bike Scooter,ef45
biotech,Biotech,ea3a
block,Block,e14b
block_flipped,Block Flipped,ef46
bluetooth,Bluetooth,e1a7
bluetooth_audio,Bluetooth Audio,e60f
bluetooth_connected,Bluetooth Connected,e1a8
bluetooth_disabled,Bluetooth Disabled,e1a9
bluetooth_searching,Bluetooth Searching,e1aa
blur_circular,Blur Circular,e3a2
blur_linear,Blur Linear,e3a3
blur_off,Blur Off,e3a4
blur_on,Blur on,e3a5
bolt,Bolt,ea0b
book,Book,e865
book_online,Book Online,f217
bookmark,Bookmark,e866
bookmark_border,Bookmark Border,e867
bookmark_outline,Bookmark Outline,e867
bookmarks,Bookmarks,e98b
border_all,Border All,e228
border_bottom,Border Bottom,e229
border_clear,Border Clear,e22a
border_color,Border Color,e22b
border_horizontal,Border Horizontal,e22c
border_inner,Border Inner,e22d
border_left,Border Left,e22e
border_outer,Border Outer,e22f
border_right,Border Right,e230
border_style,Border Style,e231
border_top,Border Top,e232
border_vertical,Border Vertical,e233
branding_watermark,Branding Watermark,e06b
breakfast_dining,Breakfast Dining,ea54
brightness_1,Brightness 1,e3a6
brightness_2,Brightness 2,e3a7
brightness_3,Brightness 3,e3a8
brightness_4,Brightness 4,e3a9
brightness_5,Brightness 5,e3aa
brightness_6,Brightness 6,e3ab
brightness_7,Brightness 7,e3ac
brightness_auto,Brightness Auto,e1ab
brightness_high,Brightness High,e1ac
brightness_low,Brightness Low,e1ad
brightness_medium,Brightness Medium,e1ae
broken_image,Broken Image,e3ad
browser_not_supported,Browser Not Supported,ef47
brunch_dining,Brunch Dining,ea73
brush,Brush,e3ae
bubble_chart,Bubble Chart,e6dd
bug_report,Bug Report,e868
build,Build,e869
build_circle,Build Circle,ef48
burst_mode,Burst Mode,e43c
bus_alert,Bus Alert,e98f
business,Business,e0af
business_center,Business Center,eb3f
cached,Cached,e86a
cake,Cake,e7e9
calculate,Calculate,ea5f
calendar_today,Calendar Today,e935
calendar_view_day,Calendar View Day,e936
call,Call,e0b0
call_end,Call End,e0b1
call_made,Call Made,e0b2
call_merge,Call Merge,e0b3
call_missed,Call Missed,e0b4
call_missed_outgoing,Call Missed Outgoing,e0e4
call_received,Call Received,e0b5
call_split,Call Split,e0b6
call_to_action,Call to Action,e06c
camera,Camera,e3af
camera_alt,Camera Alt,e3b0
camera_enhance,Camera Enhance,e8fc
camera_front,Camera Front,e3b1
camera_rear,Camera Rear,e3b2
camera_roll,Camera Roll,e3b3
campaign,Campaign,ef49
cancel,Cancel,e5c9
cancel_presentation,Cancel Presentation,e0e9
cancel_schedule_send,Cancel Schedule Send,ea39
car_rental,Car Rental,ea55
car_repair,Car Repair,ea56
card_giftcard,Card Giftcard,e8f6
card_membership,Card Membership,e8f7
card_travel,Card Travel,e8f8
carpenter,Carpenter,f1f8
cases,Cases,e992
casino,Casino,eb40
cast,Cast,e307
cast_connected,Cast Connected,e308
cast_for_education,Cast for Education,efec
category,Category,e574
celebration,Celebration,ea65
cell_wifi,Cell Wifi,e0ec
center_focus_strong,Center Focus Strong,e3b4
center_focus_weak,Center Focus Weak,e3b5
change_history,Change History,e86b
charging_station,Charging Station,f19d
chat,Chat,e0b7
chat_bubble,Chat Bubble,e0ca
chat_bubble_outline,Chat Bubble Outline,e0cb
check,Check,e5ca
check_box,Check Box,e834
check_box_outline_blank,Check Box Outline Blank,e835
check_circle,Check Circle,e86c
check_circle_outline,Check Circle Outline,e92d
checkroom,Checkroom,f19e
chevron_left,Chevron Left,e5cb
chevron_right,Chevron Right,e5cc
child_care,Child Care,eb41
child_friendly,Child Friendly,eb42
chrome_reader_mode,Chrome Reader Mode,e86d
circle,Circle,ef4a
circle_notifications,Circle Notifications,e994
class,Class,e86e
clean_hands,Clean Hands,f21f
cleaning_services,Cleaning Services,f0ff
clear,Clear,e14c
clear_all,Clear All,e0b8
close,Close,e5cd
close_fullscreen,Close Fullscreen,f1cf
closed_caption,Closed Caption,e01c
closed_caption_disabled,Closed Caption Disabled,f1dc
closed_caption_off,Closed Caption Off,e996
cloud,Cloud,e2bd
cloud_circle,Cloud Circle,e2be
cloud_done,Cloud Done,e2bf
cloud_download,Cloud Download,e2c0
cloud_off,Cloud Off,e2c1
cloud_queue,Cloud Queue,e2c2
cloud_upload,Cloud Upload,e2c3
code,Code,e86f
collections,Collections,e3b6
collections_bookmark,Collections Bookmark,e431
color_lens,Color Lens,e3b7
colorize,Colorize,e3b8
comment,Comment,e0b9
comment_bank,Comment Bank,ea4e
commute,Commute,e940
compare,Compare,e3b9
compare_arrows,Compare Arrows,e915
compass_calibration,Compass Calibration,e57c
compress,Compress,e94d
computer,Computer,e30a
confirmation_num,Confirmation Num,e638
confirmation_number,Confirmation Number,e638
connect_without_contact,Connect Without Contact,f223
connected_tv,Connected Tv,e998
construction,Construction,ea3c
contact_mail,Contact Mail,e0d0
contact_page,Contact Page,f22e
contact_phone,Contact Phone,e0cf
contact_support,Contact Support,e94c
contactless,Contactless,ea71
contacts,Contacts,e0ba
content_copy,Content Copy,e14d
content_cut,Content Cut,e14e
content_paste,Content Paste,e14f
control_camera,Control Camera,e074
control_point,Control Point,e3ba
control_point_duplicate,Control Point Duplicate,e3bb
copyright,Copyright,e90c
coronavirus,Coronavirus,f221
corporate_fare,Corporate Fare,f1d0
countertops,Countertops,f1f7
create,Create,e150
create_new_folder,Create New Folder,e2cc
credit_card,Credit Card,e870
crop,Crop,e3be
crop_16_9,Crop 16 9,e3bc
crop_3_2,Crop 3 2,e3bd
crop_5_4,Crop 5 4,e3bf
crop_7_5,Crop 7 5,e3c0
crop_din,Crop Din,e3c1
crop_free,Crop Free,e3c2
crop_landscape,Crop Landscape,e3c3
crop_original,Crop Original,e3c4
crop_portrait,Crop Portrait,e3c5
crop_rotate,Crop Rotate,e437
crop_square,Crop Square,e3c6
dangerous,Dangerous,e99a
dashboard,Dashboard,e871
dashboard_customize,Dashboard Customize,e99b
data_usage,Data Usage,e1af
date_range,Date Range,e916
deck,Deck,ea42
dehaze,Dehaze,e3c7
delete,Delete,e872
delete_forever,Delete Forever,e92b
delete_outline,Delete Outline,e92e
delete_sweep,Delete Sweep,e16c
delivery_dining,Delivery Dining,ea72
departure_board,Departure Board,e576
description,Description,e873
design_services,Design Services,f10a
desktop_access_disabled,Desktop Access Disabled,e99d
desktop_mac,Desktop Mac,e30b
desktop_windows,Desktop Windows,e30c
details,Details,e3c8
developer_board,Developer Board,e30d
developer_mode,Developer Mode,e1b0
device_hub,Device Hub,e335
device_thermostat,Device Thermostat,e1ff
device_unknown,Device Unknown,e339
devices,Devices,e1b1
devices_other,Devices Other,e337
dialer_sip,Dialer Sip,e0bb
dialpad,Dialpad,e0bc
dinner_dining,Dinner Dining,ea57
directions,Directions,e52e
directions_bike,Directions Bike,e52f
directions_boat,Directions Boat,e532
directions_bus,Directions Bus,e530
directions_car,Directions Car,e531
directions_ferry,Directions Ferry,e532
directions_off,Directions Off,f10f
directions_railway,Directions Railway,e534
directions_run,Directions Run,e566
directions_subway,Directions Subway,e533
directions_train,Directions Train,e534
directions_transit,Directions Transit,e535
directions_walk,Directions Walk,e536
dirty_lens,Dirty Lens,ef4b
disabled_by_default,Disabled by Default,f230
disc_full,Disc Full,e610
dnd_forwardslash,Dnd Forwardslash,e611
dns,Dns,e875
do_not_disturb,Do Not Disturb,e612
do_not_disturb_alt,Do Not Disturb Alt,e611
do_not_disturb_off,Do Not Disturb Off,e643
do_not_disturb_on,Do Not Disturb on,e644
do_not_step,Do Not Step,f19f
do_not_touch,Do Not Touch,f1b0
dock,Dock,e30e
domain,Domain,e7ee
domain_disabled,Domain Disabled,e0ef
domain_verification,Domain Verification,ef4c
done,Done,e876
done_all,Done All,e877
done_outline,Done Outline,e92f
donut_large,Donut Large,e917
donut_small,Donut Small,e918
double_arrow,Double Arrow,ea50
drafts,Drafts,e151
drag_handle,Drag Handle,e25d
drag_indicator,Drag Indicator,e945
drive_eta,Drive Eta,e613
drive_file_move,Drive File Move,e675
drive_file_move_outline,Drive File Move Outline,e9a1
drive_file_rename_outline,Drive File Rename Outline,e9a2
drive_folder_upload,Drive Folder Upload,e9a3
dry,Dry,f1b3
dry_cleaning,Dry Cleaning,ea58
duo,Duo,e9a5
dvr,Dvr,e1b2
dynamic_feed,Dynamic Feed,ea14
dynamic_form,Dynamic Form,f1bf
east,East,f1df
eco,Eco,ea35
edit,Edit,e3c9
edit_attributes,Edit Attributes,e578
edit_location,Edit Location,e568
edit_off,Edit Off,e950
edit_road,Edit Road,ef4d
eject,Eject,e8fb
elderly,Elderly,f21a
electric_bike,Electric Bike,eb1b
electric_car,Electric Car,eb1c
electric_moped,Electric Moped,eb1d
electric_rickshaw,Electric Rickshaw,eb1e
electric_scooter,Electric Scooter,eb1f
electrical_services,Electrical Services,f102
elevator,Elevator,f1a0
email,Email,e0be
emoji_emotions,Emoji Emotions,ea22
emoji_events,Emoji Events,ea23
emoji_flags,Emoji Flags,ea1a
emoji_food_beverage,Emoji Food Beverage,ea1b
emoji_nature,Emoji Nature,ea1c
emoji_objects,Emoji Objects,ea24
emoji_people,Emoji People,ea1d
emoji_symbols,Emoji Symbols,ea1e
emoji_transportation,Emoji Transportation,ea1f
engineering,Engineering,ea3d
enhance_photo_translate,Enhance Photo Translate,e8fc
enhanced_encryption,Enhanced Encryption,e63f
equalizer,Equalizer,e01d
error,Error,e000
error_outline,Error Outline,e001
escalator,Escalator,f1a1
escalator_warning,Escalator Warning,f1ac
euro,Euro,ea15
euro_symbol,Euro Symbol,e926
ev_station,Ev Station,e56d
event,Event,e878
event_available,Event Available,e614
event_busy,Event Busy,e615
event_note,Event Note,e616
event_seat,Event Seat,e903
exit_to_app,Exit to App,e879
expand,Expand,e94f
expand_less,Expand Less,e5ce
expand_more,Expand More,e5cf
explicit,Explicit,e01e
explore,Explore,e87a
explore_off,Explore Off,e9a8
exposure,Exposure,e3ca
exposure_minus_1,Exposure Minus 1,e3cb
exposure_minus_2,Exposure Minus 2,e3cc
exposure_neg_1,Exposure Neg 1,e3cb
exposure_neg_2,Exposure Neg 2,e3cc
exposure_plus_1,Exposure Plus 1,e3cd
exposure_plus_2,Exposure Plus 2,e3ce
exposure_zero,Exposure Zero,e3cf
extension,Extension,e87b
face,Face,e87c
face_retouching_natural,Face Retouching Natural,ef4e
facebook,Facebook,f234
fact_check,Fact Check,f0c5
family_restroom,Family Restroom,f1a2
fast_forward,Fast Forward,e01f
fast_rewind,Fast Rewind,e020
fastfood,Fastfood,e57a
favorite,Favorite,e87d
favorite_border,Favorite Border,e87e
favorite_outline,Favorite Outline,e87e
featured_play_list,Featured Play List,e06d
featured_video,Featured Video,e06e
feedback,Feedback,e87f
fence,Fence,f1f6
festival,Festival,ea68
fiber_dvr,Fiber Dvr,e05d
fiber_manual_record,Fiber Manual Record,e061
fiber_new,Fiber New,e05e
fiber_pin,Fiber Pin,e06a
fiber_smart_record,Fiber Smart Record,e062
file_copy,File Copy,e173
file_download,File Download,e2c4
file_download_done,File Download Done,e9aa
file_present,File Present,ea0e
file_upload,File Upload,e2c6
filter,Filter,e3d3
filter_1,Filter 1,e3d0
filter_2,Filter 2,e3d1
filter_3,Filter 3,e3d2
filter_4,Filter 4,e3d4
filter_5,Filter 5,e3d5
filter_6,Filter 6,e3d6
filter_7,Filter 7,e3d7
filter_8,Filter 8,e3d8
filter_9,Filter 9,e3d9
filter_9_plus,Filter 9 Plus,e3da
filter_alt,Filter Alt,ef4f
filter_b_and_w,Filter B and W,e3db
filter_center_focus,Filter Center Focus,e3dc
filter_drama,Filter Drama,e3dd
filter_frames,Filter Frames,e3de
filter_hdr,Filter Hdr,e3df
filter_list,Filter List,e152
filter_list_alt,Filter List Alt,e94e
filter_none,Filter None,e3e0
filter_tilt_shift,Filter Tilt Shift,e3e2
filter_vintage,Filter Vintage,e3e3
find_in_page,Find in Page,e880
find_replace,Find Replace,e881
fingerprint,Fingerprint,e90d
fire_extinguisher,Fire Extinguisher,f1d8
fire_hydrant,Fire Hydrant,f1a3
fireplace,Fireplace,ea43
first_page,First Page,e5dc
fit_screen,Fit Screen,ea10
fitness_center,Fitness Center,eb43
flag,Flag,e153
flaky,Flaky,ef50
flare,Flare,e3e4
flash_auto,Flash Auto,e3e5
flash_off,Flash Off,e3e6
flash_on,Flash on,e3e7
flight,Flight,e539
flight_land,Flight Land,e904
flight_takeoff,Flight Takeoff,e905
flip,Flip,e3e8
flip_camera_android,Flip Camera Android,ea37
flip_camera_ios,Flip Camera Ios,ea38
flip_to_back,Flip to Back,e882
flip_to_front,Flip to Front,e883
folder,Folder,e2c7
folder_open,Folder Open,e2c8
folder_shared,Folder Shared,e2c9
folder_special,Folder Special,e617
follow_the_signs,Follow the Signs,f222
font_download,Font Download,e167
food_bank,Food Bank,f1f2
format_align_center,Format Align Center,e234
format_align_justify,Format Align Justify,e235
format_align_left,Format Align Left,e236
format_align_right,Format Align Right,e237
format_bold,Format Bold,e238
format_clear,Format Clear,e239
format_color_fill,Format Color Fill,e23a
format_color_reset,Format Color Reset,e23b
format_color_text,Format Color Text,e23c
format_indent_decrease,Format Indent Decrease,e23d
format_indent_increase,Format Indent Increase,e23e
format_italic,Format Italic,e23f
format_line_spacing,Format Line Spacing,e240
format_list_bulleted,Format List Bulleted,e241
format_list_numbered,Format List Numbered,e242
format_list_numbered_rtl,Format List Numbered Rtl,e267
format_paint,Format Paint,e243
format_quote,Format Quote,e244
format_shapes,Format Shapes,e25e
format_size,Format Size,e245
format_strikethrough,Format Strikethrough,e246
format_textdirection_l_to_r,Format Textdirection L to R,e247
format_textdirection_r_to_l,Format Textdirection R to L,e248
format_underline,Format Underline,e249
format_underlined,Format Underlined,e249
forum,Forum,e0bf
forward,Forward,e154
forward_10,Forward 10,e056
forward_30,Forward 30,e057
forward_5,Forward 5,e058
forward_to_inbox,Forward to Inbox,f187
foundation,Foundation,f200
free_breakfast,Free Breakfast,eb44
fullscreen,Fullscreen,e5d0
fullscreen_exit,Fullscreen Exit,e5d1
functions,Functions,e24a
g_translate,G Translate,e927
gamepad,Gamepad,e30f
games,Games,e021
gavel,Gavel,e90e
gesture,Gesture,e155
get_app,Get App,e884
gif,Gif,e908
goat,Goat,10fffd
golf_course,Golf Course,eb45
gps_fixed,Gps Fixed,e1b3
gps_not_fixed,Gps Not Fixed,e1b4
gps_off,Gps Off,e1b5
grade,Grade,e885
gradient,Gradient,e3e9
grading,Grading,ea4f
grain,Grain,e3ea
graphic_eq,Graphic Eq,e1b8
grass,Grass,f205
grid_off,Grid Off,e3eb
grid_on,Grid on,e3ec
grid_view,Grid View,e9b0
group,Group,e7ef
group_add,Group Add,e7f0
group_work,Group Work,e886
groups,Groups,f233
hail,Hail,e9b1
handyman,Handyman,f10b
hardware,Hardware,ea59
hd,Hd,e052
hdr_enhanced_select,Hdr Enhanced Select,ef51
hdr_off,Hdr Off,e3ed
hdr_on,Hdr on,e3ee
hdr_strong,Hdr Strong,e3f1
hdr_weak,Hdr Weak,e3f2
headset,Headset,e310
headset_mic,Headset Mic,e311
headset_off,Headset Off,e33a
healing,Healing,e3f3
hearing,Hearing,e023
hearing_disabled,Hearing Disabled,f104
height,Height,ea16
help,Help,e887
help_center,Help Center,f1c0
help_outline,Help Outline,e8fd
high_quality,High Quality,e024
highlight,Highlight,e25f
highlight_alt,Highlight Alt,ef52
highlight_off,Highlight Off,e888
highlight_remove,Highlight Remove,e888
history,History,e889
history_edu,History Edu,ea3e
history_toggle_off,History Toggle Off,f17d
home,Home,e88a
home_filled,Home Filled,e9b2
home_repair_service,Home Repair Service,f100
home_work,Home Work,ea09
horizontal_distribute,Horizontal Distribute,e014
horizontal_rule,Horizontal Rule,f108
horizontal_split,Horizontal Split,e947
hot_tub,Hot Tub,eb46
hotel,Hotel,e53a
hourglass_bottom,Hourglass Bottom,ea5c
hourglass_disabled,Hourglass Disabled,ef53
hourglass_empty,Hourglass Empty,e88b
hourglass_full,Hourglass Full,e88c
hourglass_top,Hourglass Top,ea5b
house,House,ea44
house_siding,House Siding,f202
how_to_reg,How to Reg,e174
how_to_vote,How to Vote,e175
http,Http,e902
https,Https,e88d
hvac,Hvac,f10e
icecream,Icecream,ea69
image,Image,e3f4
image_aspect_ratio,Image Aspect Ratio,e3f5
image_not_supported,Image Not Supported,f116
image_search,Image Search,e43f
imagesearch_roller,Imagesearch Roller,e9b4
import_contacts,Import Contacts,e0e0
import_export,Import Export,e0c3
important_devices,Important Devices,e912
inbox,Inbox,e156
indeterminate_check_box,Indeterminate Check Box,e909
info,Info,e88e
info_outline,Info Outline,e88f
input,Input,e890
insert_chart,Insert Chart,e24b
insert_chart_outlined,Insert Chart Outlined,e26a
insert_comment,Insert Comment,e24c
insert_drive_file,Insert Drive File,e24d
insert_emoticon,Insert Emoticon,e24e
insert_invitation,Insert Invitation,e24f
insert_link,Insert Link,e250
insert_photo,Insert Photo,e251
insights,Insights,f092
integration_instructions,Integration Instructions,ef54
inventory,Inventory,e179
invert_colors,Invert Colors,e891
invert_colors_off,Invert Colors Off,e0c4
invert_colors_on,Invert Colors on,e891
ios_share,Ios Share,e6b8
iso,Iso,e3f6
keyboard,Keyboard,e312
keyboard_arrow_down,Keyboard Arrow Down,e313
keyboard_arrow_left,Keyboard Arrow Left,e314
keyboard_arrow_right,Keyboard Arrow Right,e315
keyboard_arrow_up,Keyboard Arrow Up,e316
keyboard_backspace,Keyboard Backspace,e317
keyboard_capslock,Keyboard Capslock,e318
keyboard_control,Keyboard Control,e5d3
keyboard_hide,Keyboard Hide,e31a
keyboard_return,Keyboard Return,e31b
keyboard_tab,Keyboard Tab,e31c
keyboard_voice,Keyboard Voice,e31d
king_bed,King Bed,ea45
kitchen,Kitchen,eb47
label,Label,e892
label_important,Label Important,e937
label_important_outline,Label Important Outline,e948
label_off,Label Off,e9b6
label_outline,Label Outline,e893
landscape,Landscape,e3f7
language,Language,e894
laptop,Laptop,e31e
laptop_chromebook,Laptop Chromebook,e31f
laptop_mac,Laptop Mac,e320
laptop_windows,Laptop Windows,e321
last_page,Last Page,e5dd
launch,Launch,e895
layers,Layers,e53b
layers_clear,Layers Clear,e53c
leaderboard,Leaderboard,f20c
leak_add,Leak Add,e3f8
leak_remove,Leak Remove,e3f9
leave_bags_at_home,Leave Bags at Home,f21b
legend_toggle,Legend Toggle,f11b
lens,Lens,e3fa
library_add,Library Add,e02e
library_add_check,Library Add Check,e9b7
library_books,Library Books,e02f
library_music,Library Music,e030
lightbulb,Lightbulb,e0f0
lightbulb_outline,Lightbulb Outline,e90f
line_style,Line Style,e919
line_weight,Line Weight,e91a
linear_scale,Linear Scale,e260
link,Link,e157
link_off,Link Off,e16f
linked_camera,Linked Camera,e438
liquor,Liquor,ea60
list,List,e896
list_alt,List Alt,e0ee
live_help,Live Help,e0c6
live_tv,Live Tv,e639
local_activity,Local Activity,e53f
local_airport,Local Airport,e53d
local_atm,Local Atm,e53e
local_attraction,Local Attraction,e53f
local_bar,Local Bar,e540
local_cafe,Local Cafe,e541
local_car_wash,Local Car Wash,e542
local_convenience_store,Local Convenience Store,e543
local_dining,Local Dining,e556
local_drink,Local Drink,e544
local_fire_department,Local Fire Department,ef55
local_florist,Local Florist,e545
local_gas_station,Local Gas Station,e546
local_grocery_store,Local Grocery Store,e547
local_hospital,Local Hospital,e548
local_hotel,Local Hotel,e549
local_laundry_service,Local Laundry Service,e54a
local_library,Local Library,e54b
local_mall,Local Mall,e54c
local_movies,Local Movies,e54d
local_offer,Local Offer,e54e
local_parking,Local Parking,e54f
local_pharmacy,Local Pharmacy,e550
local_phone,Local Phone,e551
local_pizza,Local Pizza,e552
local_play,Local Play,e553
local_police,Local Police,ef56
local_post_office,Local Post Office,e554
local_print_shop,Local Print Shop,e555
local_printshop,Local Printshop,e555
local_restaurant,Local Restaurant,e556
local_see,Local See,e557
local_shipping,Local Shipping,e558
local_taxi,Local Taxi,e559
location_city,Location City,e7f1
location_disabled,Location Disabled,e1b6
location_history,Location History,e55a
location_off,Location Off,e0c7
location_on,Location on,e0c8
location_pin,Location Pin,f1db
location_searching,Location Searching,e1b7
lock,Lock,e897
lock_clock,Lock Clock,ef57
lock_open,Lock Open,e898
lock_outline,Lock Outline,e899
login,Login,ea77
logout,Logout,e9ba
looks,Looks,e3fc
looks_3,Looks 3,e3fb
looks_4,Looks 4,e3fd
looks_5,Looks 5,e3fe
looks_6,Looks 6,e3ff
looks_one,Looks One,e400
looks_two,Looks Two,e401
loop,Loop,e028
loupe,Loupe,e402
low_priority,Low Priority,e16d
loyalty,Loyalty,e89a
luggage,Luggage,f235
lunch_dining,Lunch Dining,ea61
mail,Mail,e158
mail_outline,Mail Outline,e0e1
map,Map,e55b
maps_ugc,Maps Ugc,ef58
margin,Margin,e9bb
mark_as_unread,Mark as Unread,e9bc
mark_chat_read,Mark Chat Read,f18b
mark_chat_unread,Mark Chat Unread,f189
mark_email_read,Mark Email Read,f18c
mark_email_unread,Mark Email Unread,f18a
markunread,Markunread,e159
markunread_mailbox,Markunread Mailbox,e89b
masks,Masks,f218
maximize,Maximize,e930
mediation,Mediation,efa7
medical_services,Medical Services,f109
meeting_room,Meeting Room,eb4f
memory,Memory,e322
menu,Menu,e5d2
menu_book,Menu Book,ea19
menu_open,Menu Open,e9bd
merge_type,Merge Type,e252
message,Message,e0c9
messenger,Messenger,e0ca
messenger_outline,Messenger Outline,e0cb
mic,Mic,e029
mic_external_off,Mic External Off,ef59
mic_external_on,Mic External on,ef5a
mic_none,Mic None,e02a
mic_off,Mic Off,e02b
microwave,Microwave,f204
military_tech,Military Tech,ea3f
minimize,Minimize,e931
miscellaneous_services,Miscellaneous Services,f10c
missed_video_call,Missed Video Call,e073
mms,Mms,e618
mobile_friendly,Mobile Friendly,e200
mobile_off,Mobile Off,e201
mobile_screen_share,Mobile Screen Share,e0e7
mode_comment,Mode Comment,e253
mode_edit,Mode Edit,e254
model_training,Model Training,f0cf
monetization_on,Monetization on,e263
money,Money,e57d
money_off,Money Off,e25c
monitor,Monitor,ef5b
monochrome_photos,Monochrome Photos,e403
mood,Mood,e7f2
mood_bad,Mood Bad,e7f3
moped,Moped,eb28
more,More,e619
more_horiz,More Horiz,e5d3
more_time,More Time,ea5d
more_vert,More Vert,e5d4
motion_photos_off,Motion Photos Off,e9c0
motion_photos_on,Motion Photos on,e9c1
motion_photos_pause,Motion Photos Pause,f227
motion_photos_paused,Motion Photos Paused,e9c2
motorcycle,Motorcycle,e91b
mouse,Mouse,e323
move_to_inbox,Move to Inbox,e168
movie,Movie,e02c
movie_creation,Movie Creation,e404
movie_filter,Movie Filter,e43a
mp,Mp,e9c3
multiline_chart,Multiline Chart,e6df
multiple_stop,Multiple Stop,f1b9
multitrack_audio,Multitrack Audio,e1b8
museum,Museum,ea36
music_note,Music Note,e405
music_off,Music Off,e440
music_video,Music Video,e063
my_library_add,My Library Add,e02e
my_library_books,My Library Books,e02f
my_library_music,My Library Music,e030
my_location,My Location,e55c
nat,Nat,ef5c
nature,Nature,e406
nature_people,Nature People,e407
navigate_before,Navigate Before,e408
navigate_next,Navigate Next,e409
navigation,Navigation,e55d
near_me,Near Me,e569
near_me_disabled,Near Me Disabled,f1ef
network_cell,Network Cell,e1b9
network_check,Network Check,e640
network_locked,Network Locked,e61a
network_wifi,Network Wifi,e1ba
new_releases,New Releases,e031
next_plan,Next Plan,ef5d
next_week,Next Week,e16a
nfc,Nfc,e1bb
night_shelter,Night Shelter,f1f1
nightlife,Nightlife,ea62
nightlight_round,Nightlight Round,ef5e
nights_stay,Nights Stay,ea46
no_backpack,No Backpack,f237
no_cell,No Cell,f1a4
no_drinks,No Drinks,f1a5
no_encryption,No Encryption,e641
no_flash,No Flash,f1a6
no_food,No Food,f1a7
no_luggage,No Luggage,f23b
no_meals,No Meals,f1d6
no_meals_ouline,No Meals Ouline,f229
no_meeting_room,No Meeting Room,eb4e
no_photography,No Photography,f1a8
no_sim,No Sim,e0cc
no_stroller,No Stroller,f1af
no_transfer,No Transfer,f1d5
north,North,f1e0
north_east,North East,f1e1
north_west,North West,f1e2
not_accessible,Not Accessible,f0fe
not_interested,Not Interested,e033
not_listed_location,Not Listed Location,e575
not_started,Not Started,f0d1
note,Note,e06f
note_add,Note Add,e89c
notes,Notes,e26c
notification_important,Notification Important,e004
notifications,Notifications,e7f4
notifications_active,Notifications Active,e7f7
notifications_none,Notifications None,e7f5
notifications_off,Notifications Off,e7f6
notifications_on,Notifications on,e7f7
notifications_paused,Notifications Paused,e7f8
now_wallpaper,Now Wallpaper,e1bc
now_widgets,Now Widgets,e1bd
offline_bolt,Offline Bolt,e932
offline_pin,Offline Pin,e90a
offline_share,Offline Share,e9c5
ondemand_video,Ondemand Video,e63a
online_prediction,Online Prediction,f0eb
opacity,Opacity,e91c
open_in_browser,Open in Browser,e89d
open_in_full,Open in Full,f1ce
open_in_new,Open in New,e89e
open_with,Open With,e89f
outbond,Outbond,f228
outbox,Outbox,ef5f
outdoor_grill,Outdoor Grill,ea47
outgoing_mail,Outgoing Mail,f0d2
outlet,Outlet,f1d4
outlined_flag,Outlined Flag,e16e
padding,Padding,e9c8
pages,Pages,e7f9
pageview,Pageview,e8a0
palette,Palette,e40a
pan_tool,Pan Tool,e925
panorama,Panorama,e40b
panorama_fish_eye,Panorama Fish Eye,e40c
panorama_fisheye,Panorama Fisheye,e40c
panorama_horizontal,Panorama Horizontal,e40d
panorama_horizontal_select,Panorama Horizontal Select,ef60
panorama_photosphere,Panorama Photosphere,e9c9
panorama_photosphere_select,Panorama Photosphere Select,e9ca
panorama_vertical,Panorama Vertical,e40e
panorama_vertical_select,Panorama Vertical Select,ef61
panorama_wide_angle,Panorama Wide Angle,e40f
panorama_wide_angle_select,Panorama Wide Angle Select,ef62
park,Park,ea63
party_mode,Party Mode,e7fa
pause,Pause,e034
pause_circle_filled,Pause Circle Filled,e035
pause_circle_outline,Pause Circle Outline,e036
pause_presentation,Pause Presentation,e0ea
payment,Payment,e8a1
payments,Payments,ef63
pedal_bike,Pedal Bike,eb29
pending,Pending,ef64
pending_actions,Pending Actions,f1bb
people,People,e7fb
people_alt,People Alt,ea21
people_outline,People Outline,e7fc
perm_camera_mic,Perm Camera Mic,e8a2
perm_contact_cal,Perm Contact Cal,e8a3
perm_contact_calendar,Perm Contact Calendar,e8a3
perm_data_setting,Perm Data Setting,e8a4
perm_device_info,Perm Device Info,e8a5
perm_device_information,Perm Device Information,e8a5
perm_identity,Perm Identity,e8a6
perm_media,Perm Media,e8a7
perm_phone_msg,Perm Phone Msg,e8a8
perm_scan_wifi,Perm Scan Wifi,e8a9
person,Person,e7fd
person_add,Person Add,e7fe
person_add_alt,Person Add Alt,ea4d
person_add_alt_1,Person Add Alt 1,ef65
person_add_disabled,Person Add Disabled,e9cb
person_outline,Person Outline,e7ff
person_pin,Person Pin,e55a
person_pin_circle,Person Pin Circle,e56a
person_remove,Person Remove,ef66
person_remove_alt_1,Person Remove Alt 1,ef67
person_search,Person Search,f106
personal_video,Personal Video,e63b
pest_control,Pest Control,f0fa
pest_control_rodent,Pest Control Rodent,f0fd
pets,Pets,e91d
phone,Phone,e0cd
phone_android,Phone Android,e324
phone_bluetooth_speaker,Phone Bluetooth Speaker,e61b
phone_callback,Phone Callback,e649
phone_disabled,Phone Disabled,e9cc
phone_enabled,Phone Enabled,e9cd
phone_forwarded,Phone Forwarded,e61c
phone_in_talk,Phone in Talk,e61d
phone_iphone,Phone Iphone,e325
phone_locked,Phone Locked,e61e
phone_missed,Phone Missed,e61f
phone_paused,Phone Paused,e620
phonelink,Phonelink,e326
phonelink_erase,Phonelink Erase,e0db
phonelink_lock,Phonelink Lock,e0dc
phonelink_off,Phonelink Off,e327
phonelink_ring,Phonelink Ring,e0dd
phonelink_setup,Phonelink Setup,e0de
photo,Photo,e410
photo_album,Photo Album,e411
photo_camera,Photo Camera,e412
photo_camera_back,Photo Camera Back,ef68
photo_camera_front,Photo Camera Front,ef69
photo_filter,Photo Filter,e43b
photo_library,Photo Library,e413
photo_size_select_actual,Photo Size Select Actual,e432
photo_size_select_large,Photo Size Select Large,e433
photo_size_select_small,Photo Size Select Small,e434
picture_as_pdf,Picture as Pdf,e415
picture_in_picture,Picture in Picture,e8aa
picture_in_picture_alt,Picture in Picture Alt,e911
pie_chart,Pie Chart,e6c4
pie_chart_outlined,Pie Chart Outlined,e6c5
pin_drop,Pin Drop,e55e
pivot_table_chart,Pivot Table Chart,e9ce
place,Place,e55f
plagiarism,Plagiarism,ea5a
play_arrow,Play Arrow,e037
play_circle_fill,Play Circle Fill,e038
play_circle_filled,Play Circle Filled,e038
play_circle_outline,Play Circle Outline,e039
play_disabled,Play Disabled,ef6a
play_for_work,Play for Work,e906
playlist_add,Playlist Add,e03b
playlist_add_check,Playlist Add Check,e065
playlist_play,Playlist Play,e05f
plumbing,Plumbing,f107
plus_one,Plus One,e800
point_of_sale,Point of Sale,f17e
policy,Policy,ea17
poll,Poll,e801
polymer,Polymer,e8ab
pool,Pool,eb48
portable_wifi_off,Portable Wifi Off,e0ce
portrait,Portrait,e416
post_add,Post Add,ea20
power,Power,e63c
power_input,Power Input,e336
power_off,Power Off,e646
power_settings_new,Power Settings New,e8ac
pregnant_woman,Pregnant Woman,e91e
present_to_all,Present to All,e0df
preview,Preview,f1c5
print,Print,e8ad
print_disabled,Print Disabled,e9cf
priority_high,Priority High,e645
privacy_tip,Privacy Tip,f0dc
psychology,Psychology,ea4a
public,Public,e80b
public_off,Public Off,f1ca
publish,Publish,e255
published_with_changes,Published With Changes,f232
push_pin,Push Pin,f10d
qr_code,Qr Code,ef6b
qr_code_2,Qr Code 2,e00a
qr_code_scanner,Qr Code Scanner,f206
query_builder,Query Builder,e8ae
question_answer,Question Answer,e8af
queue,Queue,e03c
queue_music,Queue Music,e03d
queue_play_next,Queue Play Next,e066
quick_contacts_dialer,Quick Contacts Dialer,e0cf
quick_contacts_mail,Quick Contacts Mail,e0d0
quickreply,Quickreply,ef6c
radio,Radio,e03e
radio_button_checked,Radio Button Checked,e837
radio_button_off,Radio Button Off,e836
radio_button_on,Radio Button on,e837
radio_button_unchecked,Radio Button Unchecked,e836
railway_alert,Railway Alert,e9d1
ramen_dining,Ramen Dining,ea64
rate_review,Rate Review,e560
read_more,Read More,ef6d
receipt,Receipt,e8b0
receipt_long,Receipt Long,ef6e
recent_actors,Recent Actors,e03f
recommend,Recommend,e9d2
record_voice_over,Record Voice Over,e91f
redeem,Redeem,e8b1
redo,Redo,e15a
reduce_capacity,Reduce Capacity,f21c
refresh,Refresh,e5d5
remove,Remove,e15b
remove_circle,Remove Circle,e15c
remove_circle_outline,Remove Circle Outline,e15d
remove_done,Remove Done,e9d3
remove_from_queue,Remove From Queue,e067
remove_moderator,Remove Moderator,e9d4
remove_red_eye,Remove Red Eye,e417
remove_shopping_cart,Remove Shopping Cart,e928
reorder,Reorder,e8fe
repeat,Repeat,e040
repeat_on,Repeat on,e9d6
repeat_one,Repeat One,e041
repeat_one_on,Repeat One on,e9d7
replay,Replay,e042
replay_10,Replay 10,e059
replay_30,Replay 30,e05a
replay_5,Replay 5,e05b
replay_circle_filled,Replay Circle Filled,e9d8
reply,Reply,e15e
reply_all,Reply All,e15f
report,Report,e160
report_off,Report Off,e170
report_problem,Report Problem,e8b2
request_page,Request Page,f22c
request_quote,Request Quote,f1b6
reset_tv,Reset Tv,e9d9
restaurant,Restaurant,e56c
restaurant_menu,Restaurant Menu,e561
restore,Restore,e8b3
restore_from_trash,Restore From Trash,e938
restore_page,Restore Page,e929
rice_bowl,Rice Bowl,f1f5
ring_volume,Ring Volume,e0d1
roofing,Roofing,f201
room,Room,e8b4
room_preferences,Room Preferences,f1b8
room_service,Room Service,eb49
rotate_90_degrees_ccw,Rotate 90 Degrees Ccw,e418
rotate_left,Rotate Left,e419
rotate_right,Rotate Right,e41a
rounded_corner,Rounded Corner,e920
router,Router,e328
rowing,Rowing,e921
rss_feed,Rss Feed,e0e5
rtt,Rtt,e9ad
rule,Rule,f1c2
rule_folder,Rule Folder,f1c9
run_circle,Run Circle,ef6f
rv_hookup,Rv Hookup,e642
sanitizer,Sanitizer,f21d
satellite,Satellite,e562
save,Save,e161
save_alt,Save Alt,e171
saved_search,Saved Search,ea11
scanner,Scanner,e329
scatter_plot,Scatter Plot,e268
schedule,Schedule,e8b5
schedule_send,Schedule Send,ea0a
school,School,e80c
science,Science,ea4b
score,Score,e269
screen_lock_landscape,Screen Lock Landscape,e1be
screen_lock_portrait,Screen Lock Portrait,e1bf
screen_lock_rotation,Screen Lock Rotation,e1c0
screen_rotation,Screen Rotation,e1c1
screen_search_desktop,Screen Search Desktop,ef70
screen_share,Screen Share,e0e2
sd,Sd,e9dd
sd_card,Sd Card,e623
sd_storage,Sd Storage,e1c2
search,Search,e8b6
search_off,Search Off,ea76
security,Security,e32a
segment,Segment,e94b
select_all,Select All,e162
self_improvement,Self Improvement,ea78
send,Send,e163
send_and_archive,Send and Archive,ea0c
send_to_mobile,Send to Mobile,f05c
sensor_door,Sensor Door,f1b5
sensor_window,Sensor Window,f1b4
sentiment_dissatisfied,Sentiment Dissatisfied,e811
sentiment_neutral,Sentiment Neutral,e812
sentiment_satisfied,Sentiment Satisfied,e813
sentiment_satisfied_alt,Sentiment Satisfied Alt,e0ed
sentiment_very_dissatisfied,Sentiment Very Dissatisfied,e814
sentiment_very_satisfied,Sentiment Very Satisfied,e815
set_meal,Set Meal,f1ea
settings,Settings,e8b8
settings_applications,Settings Applications,e8b9
settings_backup_restore,Settings Backup Restore,e8ba
settings_bluetooth,Settings Bluetooth,e8bb
settings_brightness,Settings Brightness,e8bd
settings_cell,Settings Cell,e8bc
settings_display,Settings Display,e8bd
settings_ethernet,Settings Ethernet,e8be
settings_input_antenna,Settings Input Antenna,e8bf
settings_input_component,Settings Input Component,e8c0
settings_input_composite,Settings Input Composite,e8c1
settings_input_hdmi,Settings Input Hdmi,e8c2
settings_input_svideo,Settings Input Svideo,e8c3
settings_overscan,Settings Overscan,e8c4
settings_phone,Settings Phone,e8c5
settings_power,Settings Power,e8c6
settings_remote,Settings Remote,e8c7
settings_system_daydream,Settings System Daydream,e1c3
settings_voice,Settings Voice,e8c8
share,Share,e80d
shield,Shield,e9e0
shop,Shop,e8c9
shop_two,Shop Two,e8ca
shopping_bag,Shopping Bag,f1cc
shopping_basket,Shopping Basket,e8cb
shopping_cart,Shopping Cart,e8cc
short_text,Short Text,e261
show_chart,Show Chart,e6e1
shuffle,Shuffle,e043
shuffle_on,Shuffle on,e9e1
shutter_speed,Shutter Speed,e43d
sick,Sick,f220
signal_cellular_0_bar,Signal Cellular 0 Bar,f0a8
signal_cellular_4_bar,Signal Cellular 4 Bar,e1c8
signal_cellular_alt,Signal Cellular Alt,e202
signal_cellular_connected_no_internet_4_bar,Signal Cellular Connected No Internet 4 Bar,e1cd
signal_cellular_no_sim,Signal Cellular No Sim,e1ce
signal_cellular_null,Signal Cellular Null,e1cf
signal_cellular_off,Signal Cellular Off,e1d0
signal_wifi_0_bar,Signal Wifi 0 Bar,f0b0
signal_wifi_4_bar,Signal Wifi 4 Bar,e1d8
signal_wifi_4_bar_lock,Signal Wifi 4 Bar Lock,e1d9
signal_wifi_off,Signal Wifi Off,e1da
sim_card,Sim Card,e32b
sim_card_alert,Sim Card Alert,e624
single_bed,Single Bed,ea48
skip_next,Skip Next,e044
skip_previous,Skip Previous,e045
slideshow,Slideshow,e41b
slow_motion_video,Slow Motion Video,e068
smart_button,Smart Button,f1c1
smartphone,Smartphone,e32c
smoke_free,Smoke Free,eb4a
smoking_rooms,Smoking Rooms,eb4b
sms,Sms,e625
sms_failed,Sms Failed,e626
snippet_folder,Snippet Folder,f1c7
snooze,Snooze,e046
soap,Soap,f1b2
sort,Sort,e164
sort_by_alpha,Sort by Alpha,e053
source,Source,f1c4
south,South,f1e3
south_east,South East,f1e4
south_west,South West,f1e5
spa,Spa,eb4c
space_bar,Space Bar,e256
speaker,Speaker,e32d
speaker_group,Speaker Group,e32e
speaker_notes,Speaker Notes,e8cd
speaker_notes_off,Speaker Notes Off,e92a
speaker_phone,Speaker Phone,e0d2
speed,Speed,e9e4
spellcheck,Spellcheck,e8ce
sports,Sports,ea30
sports_bar,Sports Bar,f1f3
sports_baseball,Sports Baseball,ea51
sports_basketball,Sports Basketball,ea26
sports_cricket,Sports Cricket,ea27
sports_esports,Sports Esports,ea28
sports_football,Sports Football,ea29
sports_golf,Sports Golf,ea2a
sports_handball,Sports Handball,ea33
sports_hockey,Sports Hockey,ea2b
sports_kabaddi,Sports Kabaddi,ea34
sports_mma,Sports Mma,ea2c
sports_motorsports,Sports Motorsports,ea2d
sports_rugby,Sports Rugby,ea2e
sports_soccer,Sports Soccer,ea2f
sports_tennis,Sports Tennis,ea32
sports_volleyball,Sports Volleyball,ea31
square_foot,Square Foot,ea49
stacked_bar_chart,Stacked Bar Chart,e9e6
stacked_line_chart,Stacked Line Chart,f22b
stairs,Stairs,f1a9
star,Star,e838
star_border,Star Border,e83a
star_half,Star Half,e839
star_outline,Star Outline,e83a
star_outline,Star Outline,f06f
star_rate,Star Rate,f0ec
stars,Stars,e8d0
stay_current_landscape,Stay Current Landscape,e0d3
stay_current_portrait,Stay Current Portrait,e0d4
stay_primary_landscape,Stay Primary Landscape,e0d5
stay_primary_portrait,Stay Primary Portrait,e0d6
sticky_note_2,Sticky Note 2,f1fc
stop,Stop,e047
stop_circle,Stop Circle,ef71
stop_screen_share,Stop Screen Share,e0e3
storage,Storage,e1db
store,Store,e8d1
store_mall_directory,Store Mall Directory,e563
storefront,Storefront,ea12
straighten,Straighten,e41c
stream,Stream,e9e9
streetview,Streetview,e56e
strikethrough_s,Strikethrough S,e257
stroller,Stroller,f1ae
style,Style,e41d
subdirectory_arrow_left,Subdirectory Arrow Left,e5d9
subdirectory_arrow_right,Subdirectory Arrow Right,e5da
subject,Subject,e8d2
subscript,Subscript,f111
subscriptions,Subscriptions,e064
subtitles,Subtitles,e048
subtitles_off,Subtitles Off,ef72
subway,Subway,e56f
superscript,Superscript,f112
supervised_user_circle,Supervised User Circle,e939
supervisor_account,Supervisor Account,e8d3
support,Support,ef73
support_agent,Support Agent,f0e2
surround_sound,Surround Sound,e049
swap_calls,Swap Calls,e0d7
swap_horiz,Swap Horiz,e8d4
swap_horizontal_circle,Swap Horizontal Circle,e933
swap_vert,Swap Vert,e8d5
swap_vert_circle,Swap Vert Circle,e8d6
swap_vertical_circle,Swap Vertical Circle,e8d6
swipe,Swipe,e9ec
switch_account,Switch Account,e9ed
switch_camera,Switch Camera,e41e
switch_left,Switch Left,f1d1
switch_right,Switch Right,f1d2
switch_video,Switch Video,e41f
sync,Sync,e627
sync_alt,Sync Alt,ea18
sync_disabled,Sync Disabled,e628
sync_problem,Sync Problem,e629
system_update,System Update,e62a
system_update_alt,System Update Alt,e8d7
system_update_tv,System Update Tv,e8d7
tab,Tab,e8d8
tab_unselected,Tab Unselected,e8d9
table_chart,Table Chart,e265
table_rows,Table Rows,f101
table_view,Table View,f1be
tablet,Tablet,e32f
tablet_android,Tablet Android,e330
tablet_mac,Tablet Mac,e331
tag,Tag,e9ef
tag_faces,Tag Faces,e420
takeout_dining,Takeout Dining,ea74
tap_and_play,Tap and Play,e62b
tapas,Tapas,f1e9
taxi_alert,Taxi Alert,ef74
terrain,Terrain,e564
text_fields,Text Fields,e262
text_format,Text Format,e165
text_rotate_up,Text Rotate Up,e93a
text_rotate_vertical,Text Rotate Vertical,e93b
text_rotation_angledown,Text Rotation Angledown,e93c
text_rotation_angleup,Text Rotation Angleup,e93d
text_rotation_down,Text Rotation Down,e93e
text_rotation_none,Text Rotation None,e93f
text_snippet,Text Snippet,f1c6
textsms,Textsms,e0d8
texture,Texture,e421
theater_comedy,Theater Comedy,ea66
theaters,Theaters,e8da
thumb_down,Thumb Down,e8db
thumb_down_alt,Thumb Down Alt,e816
thumb_down_off_alt,Thumb Down Off Alt,e9f2
thumb_up,Thumb Up,e8dc
thumb_up_alt,Thumb Up Alt,e817
thumb_up_off_alt,Thumb Up Off Alt,e9f3
thumbs_up_down,Thumbs Up Down,e8dd
time_to_leave,Time to Leave,e62c
timelapse,Timelapse,e422
timeline,Timeline,e922
timer,Timer,e425
timer_10,Timer 10,e423
timer_3,Timer 3,e424
timer_off,Timer Off,e426
title,Title,e264
toc,Toc,e8de
today,Today,e8df
toggle_off,Toggle Off,e9f5
toggle_on,Toggle on,e9f6
toll,Toll,e8e0
tonality,Tonality,e427
topic,Topic,f1c8
touch_app,Touch App,e913
tour,Tour,ef75
toys,Toys,e332
track_changes,Track Changes,e8e1
traffic,Traffic,e565
train,Train,e570
tram,Tram,e571
transfer_within_a_station,Transfer Within a Station,e572
transform,Transform,e428
transit_enterexit,Transit Enterexit,e579
translate,Translate,e8e2
trending_down,Trending Down,e8e3
trending_flat,Trending Flat,e8e4
trending_neutral,Trending Neutral,e8e4
trending_up,Trending Up,e8e5
trip_origin,Trip Origin,e57b
tty,Tty,f1aa
tune,Tune,e429
turned_in,Turned in,e8e6
turned_in_not,Turned in Not,e8e7
tv,Tv,e333
tv_off,Tv Off,e647
two_wheeler,Two Wheeler,e9f9
umbrella,Umbrella,f1ad
unarchive,Unarchive,e169
undo,Undo,e166
unfold_less,Unfold Less,e5d6
unfold_more,Unfold More,e5d7
unpublished,Unpublished,f236
unsubscribe,Unsubscribe,e0eb
update,Update,e923
update_disabled,Update Disabled,e075
upgrade,Upgrade,f0fb
upload_file,Upload File,e9fc
usb,Usb,e1e0
verified,Verified,ef76
verified_user,Verified User,e8e8
vertical_align_bottom,Vertical Align Bottom,e258
vertical_align_center,Vertical Align Center,e259
vertical_align_top,Vertical Align Top,e25a
vertical_distribute,Vertical Distribute,e076
vertical_split,Vertical Split,e949
vibration,Vibration,e62d
video_call,Video Call,e070
video_collection,Video Collection,e04a
video_label,Video Label,e071
video_library,Video Library,e04a
video_settings,Video Settings,ea75
videocam,Videocam,e04b
videocam_off,Videocam Off,e04c
videogame_asset,Videogame Asset,e338
view_agenda,View Agenda,e8e9
view_array,View Array,e8ea
view_carousel,View Carousel,e8eb
view_column,View Column,e8ec
view_comfortable,View Comfortable,e42a
view_comfy,View Comfy,e42a
view_compact,View Compact,e42b
view_day,View Day,e8ed
view_headline,View Headline,e8ee
view_in_ar,View in Ar,e9fe
view_list,View List,e8ef
view_module,View Module,e8f0
view_quilt,View Quilt,e8f1
view_sidebar,View Sidebar,f114
view_stream,View Stream,e8f2
view_week,View Week,e8f3
vignette,Vignette,e435
visibility,Visibility,e8f4
visibility_off,Visibility Off,e8f5
voice_chat,Voice Chat,e62e
voice_over_off,Voice Over Off,e94a
voicemail,Voicemail,e0d9
volume_down,Volume Down,e04d
volume_mute,Volume Mute,e04e
volume_off,Volume Off,e04f
volume_up,Volume Up,e050
volunteer_activism,Volunteer Activism,ea70
vpn_key,Vpn Key,e0da
vpn_lock,Vpn Lock,e62f
wallet_giftcard,Wallet Giftcard,e8f6
wallet_membership,Wallet Membership,e8f7
wallet_travel,Wallet Travel,e8f8
wallpaper,Wallpaper,e1bc
warning,Warning,e002
wash,Wash,f1b1
watch,Watch,e334
watch_later,Watch Later,e924
water_damage,Water Damage,f203
waterfall_chart,Waterfall Chart,ea00
waves,Waves,e176
wb_auto,Wb Auto,e42c
wb_cloudy,Wb Cloudy,e42d
wb_incandescent,Wb Incandescent,e42e
wb_iridescent,Wb Iridescent,e436
wb_shade,Wb Shade,ea01
wb_sunny,Wb Sunny,e430
wb_twighlight,Wb Twighlight,ea02
wc,Wc,e63d
web,Web,e051
web_asset,Web Asset,e069
weekend,Weekend,e16b
west,West,f1e6
whatshot,Whatshot,e80e
wheelchair_pickup,Wheelchair Pickup,f1ab
where_to_vote,Where to Vote,e177
widgets,Widgets,e1bd
wifi,Wifi,e63e
wifi_calling,Wifi Calling,ef77
wifi_lock,Wifi Lock,e1e1
wifi_off,Wifi Off,e648
wifi_protected_setup,Wifi Protected Setup,f0fc
wifi_tethering,Wifi Tethering,e1e2
wine_bar,Wine Bar,f1e8
work,Work,e8f9
work_off,Work Off,e942
work_outline,Work Outline,e943
workspaces_filled,Workspaces Filled,ea0d
workspaces_outline,Workspaces Outline,ea0f
wrap_text,Wrap Text,e25b
wrong_location,Wrong Location,ef78
wysiwyg,Wysiwyg,f1c3
youtube_searched_for,Youtube Searched for,e8fa
zoom_in,Zoom in,e8ff
zoom_out,Zoom Out,e900
zoom_out_map,Zoom Out Map,e56b